file,sha256,updated_at
reason_catalog.csv,4939e3c110353e591893659d12248cd834c145eb49a97e051c1c119fb5022d70,2026-01-16T12:48:39Z
reason_policy.csv,8132039910eb297e1490f61dccd6445f67fd299d07abbf9d9bbff3be67ca6a17,2026-01-16T12:48:39Z
tenant_relationships.csv,68392f29bfb64fbb8d3825888990dcd400df3dc5cc84206cc9b117ae5dadd504,2026-01-16T15:34:25Z
workorders_index.csv,ca062cfc23e359aade5a8748623cd59141c2a7bc5cdfd57c368d84ac19438f44,2026-01-16T15:34:25Z
modules_index.csv,ef88864d3ace2a16b73a7c6a8c4ed533375c14ef7911de9c7eb08c56dab416f5,2026-01-16T05:40:26Z
module_requirements_index.csv,099104d9fcebb78abd99eacdd93d7a12ddaed9c27bb518f2f977b96d6f092f30,2026-01-15T15:54:26Z
module_artifacts_policy.csv,c48c8a886741ec533d6ccd708789f3c86a040f072f9f2a53b3bac2070b386668,2026-01-13T22:38:29Z
module_contract_rules.csv,b586ccba91f54b40bd66b0d108aebfcd2b5a81f8dac9f1fbce8a0d4ae3dbdb07,2026-01-16T12:48:39Z
platform_policy.csv,95565e0ab8798acc1d8b49523f1b4a1fd34ddd89d1616b80ec72955848924c1c,2026-01-05T00:08:23Z
