{"tenant_id":"nxlkGI","work_order_id":"UbjkpxZO","step_id":"c3","module_id":"U2T","deliverable_id":"tenant_outputs","artifact_key":"tenants/nxlkGI/workorders/UbjkpxZO/steps/c3/modules/U2T/deliverables/tenant_outputs/artifact.zip","spend_transaction_id":"3KoWmYjG","spend_transaction_item_id":"8UO57TpAa7","run_url":"","created_at":"2026-01-13T03:21:39Z","files":[{"path":"source_text.txt","sha256":"e678f1ee6bfae277013a697e60d5fc00d3a2a5765516e95b4263f5753e6f06ad","bytes":126},{"path":"report.json","sha256":"7516db1730fbacdbda36448d22a46df618a03c68861a34c757cb8512ed9e0756","bytes":135}]}