{"tenant_id":"nxlkGI","work_order_id":"UbjkpxZO","step_id":"b2","module_id":"wxi","deliverable_id":"metadata","artifact_key":"tenants/nxlkGI/workorders/UbjkpxZO/steps/b2/modules/wxi/deliverables/metadata/artifact.zip","spend_transaction_id":"3KoWmYjG","spend_transaction_item_id":"tszWNib8aq","run_url":"","created_at":"2026-01-13T03:21:39Z","files":[{"path":"results.jsonl","sha256":"13a1b1b8fe4d2eaf9e4d27fc026446f7ab1d0dce78fe5cae10a3226a4abde545","bytes":5718},{"path":"report.json","sha256":"4baa0c6d8e15122fecdf000265c9cd365e5ee983fba894b6c7c891462bc41277","bytes":1294}]}