{
  "module_id": "wxi",
  "mock_mode": true,
  "queries_count": 5,
  "max_items_per_query": 10,
  "safe": "active",
  "filters": {
    "img_size": null,
    "img_type": null,
    "img_color_type": null,
    "img_dominant_color": null
  },
  "downloads": {
    "thumbnails": true,
    "images": false
  },
  "total_written": 15,
  "downloaded_thumbnails": 15,
  "downloaded_images": 0,
  "per_query": [
    {
      "query_index": 1,
      "query": "Word News Today",
      "requested": 10,
      "written": 3,
      "pages_requested": 1,
      "last_error": null
    },
    {
      "query_index": 2,
      "query": "Word News Today latest",
      "requested": 10,
      "written": 3,
      "pages_requested": 1,
      "last_error": null
    },
    {
      "query_index": 3,
      "query": "Word News Today news",
      "requested": 10,
      "written": 3,
      "pages_requested": 1,
      "last_error": null
    },
    {
      "query_index": 4,
      "query": "Word News Today analysis",
      "requested": 10,
      "written": 3,
      "pages_requested": 1,
      "last_error": null
    },
    {
      "query_index": 5,
      "query": "Word News Today past 7 days",
      "requested": 10,
      "written": 3,
      "pages_requested": 1,
      "last_error": null
    }
  ],
  "elapsed_ms": 2
}
