{"tenant_id":"nxlkGI","work_order_id":"UbjkpxZO","step_id":"a1","module_id":"9SD","deliverable_id":"tenant_outputs","artifact_key":"tenants/nxlkGI/workorders/UbjkpxZO/steps/a1/modules/9SD/deliverables/tenant_outputs/artifact.zip","spend_transaction_id":"3KoWmYjG","spend_transaction_item_id":"SzbeoxRm68","run_url":"","created_at":"2026-01-13T03:21:39Z","files":[{"path":"derived_queries.txt","sha256":"fb1bcc3ac3e987e3b9213536c390e77d9e29abac2522c8c34f118fd41d81e76b","bytes":139},{"path":"report.json","sha256":"a81d44602907d1b51938d0c846df2b7c3a5c4dbb72de7f725fea72d01e97d16c","bytes":324}]}