{"tenant_id":"nxlkGI","work_order_id":"UbjkpxZO","step_id":"b2","module_id":"wxi","deliverable_id":"thumbnails","artifact_key":"tenants/nxlkGI/workorders/UbjkpxZO/steps/b2/modules/wxi/deliverables/thumbnails/artifact.zip","spend_transaction_id":"3KoWmYjG","spend_transaction_item_id":"B7q62IjeD2","run_url":"","created_at":"2026-01-13T03:21:39Z","files":[{"path":"thumbnails/index.jsonl","sha256":"b51cc1f519d86191c0a130055c0c1235e1b7537164c451937248bda5419303b4","bytes":1290},{"path":"thumbnails/mock-thumb-1-1.jpg","sha256":"e3b0c44298fc1c149afbf4c8996fb92427ae41e4649b934ca495991b7852b855","bytes":0},{"path":"thumbnails/mock-thumb-1-2.jpg","sha256":"e3b0c44298fc1c149afbf4c8996fb92427ae41e4649b934ca495991b7852b855","bytes":0},{"path":"thumbnails/mock-thumb-1-3.jpg","sha256":"e3b0c44298fc1c149afbf4c8996fb92427ae41e4649b934ca495991b7852b855","bytes":0},{"path":"thumbnails/mock-thumb-2-1.jpg","sha256":"e3b0c44298fc1c149afbf4c8996fb92427ae41e4649b934ca495991b7852b855","bytes":0},{"path":"thumbnails/mock-thumb-2-2.jpg","sha256":"e3b0c44298fc1c149afbf4c8996fb92427ae41e4649b934ca495991b7852b855","bytes":0},{"path":"thumbnails/mock-thumb-2-3.jpg","sha256":"e3b0c44298fc1c149afbf4c8996fb92427ae41e4649b934ca495991b7852b855","bytes":0},{"path":"thumbnails/mock-thumb-3-1.jpg","sha256":"e3b0c44298fc1c149afbf4c8996fb92427ae41e4649b934ca495991b7852b855","bytes":0},{"path":"thumbnails/mock-thumb-3-2.jpg","sha256":"e3b0c44298fc1c149afbf4c8996fb92427ae41e4649b934ca495991b7852b855","bytes":0},{"path":"thumbnails/mock-thumb-3-3.jpg","sha256":"e3b0c44298fc1c149afbf4c8996fb92427ae41e4649b934ca495991b7852b855","bytes":0},{"path":"thumbnails/mock-thumb-4-1.jpg","sha256":"e3b0c44298fc1c149afbf4c8996fb92427ae41e4649b934ca495991b7852b855","bytes":0},{"path":"thumbnails/mock-thumb-4-2.jpg","sha256":"e3b0c44298fc1c149afbf4c8996fb92427ae41e4649b934ca495991b7852b855","bytes":0},{"path":"thumbnails/mock-thumb-4-3.jpg","sha256":"e3b0c44298fc1c149afbf4c8996fb92427ae41e4649b934ca495991b7852b855","bytes":0},{"path":"thumbnails/mock-thumb-5-1.jpg","sha256":"e3b0c44298fc1c149afbf4c8996fb92427ae41e4649b934ca495991b7852b855","bytes":0},{"path":"thumbnails/mock-thumb-5-2.jpg","sha256":"e3b0c44298fc1c149afbf4c8996fb92427ae41e4649b934ca495991b7852b855","bytes":0},{"path":"thumbnails/mock-thumb-5-3.jpg","sha256":"e3b0c44298fc1c149afbf4c8996fb92427ae41e4649b934ca495991b7852b855","bytes":0}]}